name,surname,gender,address,city,hash
Noemi,Lis,F,ul. Fraszki 14,Warszawa,50a570983654e018397cfa46a1049b3362029563
Marian,Zieliński,M,ul. Kleszczowa 27,Warszawa,a224eee15563e320c72c5a834869cc5de10e0e08
Leon,Kowalczyk,M,ul. Janiszowska 4,Warszawa,1002c5818a29d7f0064a31cadc7c4a2e8045300a
Paula,Rybak,F,ul. Bolesława Gidzińskiego 23,Warszawa,00270be1600106a6d7e924e4f71a69b71385fa6b
Kamilla,Kołodziej,F,al. Krakowska 14,Warszawa,c798fb74ec695666981de7eb5af7ce6606643d50
Marharyta,Gołębiewska,F,ul. Kleszczowa 27,Warszawa,cf394b1b30ad14b5b28a1d94ca93f9f9d69a6fef
Marta,Gawron,F,ul. Geologiczna 16,Warszawa,4603f64f9fa7f3b37e842d4dd71b0e9a7c3495e8
Kateryna,Andrzejewska,F,ul. Geologiczna 15,Warszawa,ea84f9d02f8d317d6967ab3452fe6de7c88f0ddd
Dominik,Zawadzki,M,ul. Janiszowska 19,Warszawa,70547e137664b22bb384d10e86dc8b406c44c4a6
Nel,Michalak,F,ul. Janiszowska 27,Warszawa,23706d83712f53e1ce53ca1c8f8a90017fcedf3a
Rita,Niewiadomska,F,ul. Bolesława Gidzińskiego 38,Warszawa,3e638279e0d1b0f8d006d9a40d4b96a84cf56347
Kaja,Walczak,F,ul. Jantar 2,Warszawa,c995a687dfa12ed1280b6012f263ad258b0dbaf4
Oktawia,Kamińska,F,ul. Kleszczowa 41C,Warszawa,098cc346b11e41ee3d93f543b433ef182baa90d3
Marzanna,Staniszewska,F,al. Krakowska 25,Warszawa,554bf86d8955a8cdc3d2d202417d60145104d493
Albert,Jabłoński,M,ul. Kleszczowa 33,Warszawa,5195d397b4be4ea52a972a1203c796276e893b48
Eryk,Jarosz,M,ul. Geologiczna 4,Warszawa,d3d10a13becf24564aa3a5e1017d78d9399c3895
Ada,Stankiewicz,F,ul. Bolesława Gidzińskiego 27A,Warszawa,fa0cf731f4fdb6947e3ca57dc89c28058140234e
Bernard,Wojciechowski,M,ul. Fraszki 29,Warszawa,43bf9e18859fcf2017b7bfe585bab53a9a62f5a4
Edmund,Witkowski,M,ul. Kleszczowa 5A,Warszawa,691ef55984c46e33886519302b8bfb83ce780275
Teodora,Szostak,F,al. Krakowska 75,Warszawa,848e778e05a2c6da83ddbdf9e696ea519cfdae10
Polina,Biernat,F,ul. Bolesława Gidzińskiego 10,Warszawa,3229d194733821d8a78eb90d828d2b0eeeb683a7
Eva,Sobolewska,F,al. Krakowska 10,Warszawa,afdf6eb2877f1e282f9ae6e156401ab6d2d95300
Tymon,Chmielewski,M,ul. Kleszczowa 4,Warszawa,ee1396a577efc4d1ca95938aa77805190ed4eb72
Mirosław,Czajkowski,M,al. Krakowska 93,Warszawa,0bb67a87870cc071ee3cd4c71ccd2504002badeb
Helena,Marszałek,F,ul. Kleszczowa 3,Warszawa,c2c9c4c902d6a02e89ecb24f82d83dafd62ef46a
Marietta,Świątek,F,ul. Janiszowska 29A,Warszawa,27b2a7e88439ac7c79b28eb9abd1f35ec3b77678
Volha,Domańska,F,ul. Jantar 18,Warszawa,5515889ba3ae51ee60894068c3b4f06f7fd7af9c
Victoria,Jędrzejewska,F,ul. Jantar 30,Warszawa,a357b10675829d41987cc1a39fa1c206ae28b1a0
Konstancja,Kacprzak,F,ul. Kleszczowa 18,Warszawa,194bb49170203dfb924cc7a9509bbbc49583ac55
Łucja,Marek,F,ul. Galaktyki 23,Warszawa,dfa221c8e2e34d903c77931be472c09d9a6107f8
Zbigniew,Nowakowski,M,ul. Kleszczowa 39,Warszawa,1b066265f6058eca935f8b12673af817debad8e3
Yuliya,Konieczna,F,ul. Geologiczna 5,Warszawa,2bfa06fdae536ffb3ab23251914be135d0a9e7dd
Liliia,Dudek,F,ul. Kleszczowa 1A,Warszawa,b20ec33e136cb0168cebfed7563bd238cc24c494
Daniela,Jabłońska,F,ul. Fraszki 15,Warszawa,7ec7c87bc1846d5d4d0c1248298aa019e6ec3a63
Angela,Zakrzewska,F,ul. Fraszki 21A,Warszawa,d567962a519af9bc63ea83df4e958df6f7ea4639
Wanessa,Krawiec,F,ul. Galaktyki 3,Warszawa,5be82410072316aed1587d9588703828a88353d3
Magda,Stańczyk,F,ul. Galaktyki 25,Warszawa,9c5d4b49415fd8eb4821399d165155b6296b954c
Wiesława,Dębska,F,al. Krakowska 15,Warszawa,981d3880f55f14bd5360fc33a694dd923ed83a9e
Valeriia,Szczepańska,F,ul. Bolesława Gidzińskiego 21,Warszawa,1a2c38659fac93e5bfbf34694f6a458bf3af7a24
Ryszard,Nowak,M,al. Krakowska 131A,Warszawa,e492bf21fb3d73462f7cdb1d739146808a6469d7
Edyta,Sikorska,F,ul. Kleszczowa 28,Warszawa,0fd3e6d6155907a4e10ba705681e2b11a034af51
Michalina,Włodarczyk,F,al. Krakowska 38,Warszawa,14de57b33cd8718d5c8110c8726927fc4613fcef
Julianna,Łuczak,F,al. Jerozolimskie 212,Warszawa,b316f469f06fd847438927b05ae46cb7f45d3ef3
Zenon,Lis,M,ul. Galaktyki 5,Warszawa,3adb2b8a40b1251edb1560d9aa667b9a68559f02
Nadia,Turek,F,ul. Klinowa 4,Warszawa,a419a5e752255183775a206a12bc1e190c11dfc5
Serhii,Stankiewicz,M,ul. Fraszki 21,Warszawa,4ba652de4bd16b537c4be6ef412814ed0fbbcc82
Marianna,Pająk,F,ul. Bolesława Gidzińskiego 31,Warszawa,3d7755d3a9caa5da81b6523818662546295f43af
Zdzisław,Sowa,M,ul. Janiszowska 4A,Warszawa,0c406582e1b387916d83bd72dc25918771235c1e
Oleh,Stępień,M,al. Krakowska 193,Warszawa,d6744a9a67392779c3a28b522e62e6307484868d
Denys,Kwiatkowski,M,ul. Galaktyki 17,Warszawa,872933df7ead243691d98e776afb64472484a110
Katarzyna,Romanowska,F,ul. Bolesława Gidzińskiego 22,Warszawa,b7fd7f61157fb7690319ffe3f1a406f6de403af1
Sylwia,Makowska,F,al. Krakowska 127,Warszawa,852de5c56ba4abe5595c763f00cc7593e0469214
Andrii,Szymański,M,ul. Kleszczowa 14A,Warszawa,a64dc40c58d8a93644dde15e50820ff8c49bf3e1
Nadiia,Kozak,F,al. Krakowska 19,Warszawa,48b2ef13e8008c088b794546ebd0e27fb0ffd41b
Józef,Wieczorek,M,al. Krakowska 255,Warszawa,320cd8ca41a7452a9f43579346e354de1d19444b
Kalina,Jakubowska,F,ul. Klinkierowa 12,Warszawa,00feee3af23c0bbd0a16394505627867e9bf42b5
Zygmunt,Urbański,M,ul. Globusowa 19,Warszawa,721b0e8aa1c896f507415b18b8e11606b2bdfedd
Rozalia,Rutkowska,F,ul. Janiszowska 19A,Warszawa,2dde3bdedaf557c1145739d0fdbbf290d17c06dd
Mieczysława,Socha,F,ul. Kleszczowa 26,Warszawa,e71f220de158d611b8ff47e97dac5168931941d2
Claudia,Cieślak,F,ul. Kleszczowa 26B,Warszawa,4e2292e9351adcf79fc3293decb5b4f96f8f4b3d
Yuliia,Janicka,F,al. Krakowska 222,Warszawa,d88a7244cccde246f66a9c36b470c9cb6ce1ec75
Wojciech,Kubiak,M,ul. Galaktyki 31,Warszawa,5e73f2030970eb007f45538befb6cbac40c7e5e3
Leszek,Walczak,M,al. Jerozolimskie 217,Warszawa,da396ddfc383274225889af13e69f1142b54c2a5
Melania,Olszewska,F,al. Krakowska 214,Warszawa,abdc5623b5675209e4087afd871f675c86dca49d
Adrian,Zięba,M,ul. Janiszowska 30,Warszawa,6e8c78e9c23c37779ed548ec3a8302011329881c
Andżelika,Wójtowicz,F,ul. Jantar 14,Warszawa,cadf76541c4aabaa2578f3ee3b25c9b1f31fb754
Romualda,Cieślik,F,ul. Janiszowska 33,Warszawa,ba27e1cc14c404151ed3989316c42ae6b22aa6c5
Edwarda,Niemiec,F,al. Krakowska 129,Warszawa,4d940e38a0fa54f0d4ede8be6f88968f2d655bd2
Karina,Borkowska,F,ul. Galaktyki 15,Warszawa,19d092e278af72785f8440c674f004d7718f58f4
Albina,Janowska,F,ul. Fraszki 20,Warszawa,8e18714053844c9573ec437694bc292df481927e
Ernest,Rutkowski,M,ul. Kleszczowa 29A,Warszawa,e8e7f11e9ed460db1eeb5ac6f4fa662041f1a4fe
Teresa,Gruszka,F,ul. Janiszowska 6,Warszawa,05891c51a3c1e1062bb200f9296a7518b112249d
Irina,Augustyniak,F,al. Krakowska 218,Warszawa,f5317bfbf157c2451077419b2d76f67c56f97423
Stanisława,Kujawa,F,ul. Globusowa 40,Warszawa,fa72577b2ae737cd6d742a0faa073dac43ad9d5b
Radosław,Włodarczyk,M,al. Krakowska 43,Warszawa,553b2edb3aecf2149964afd4090e653a21ea5e40
Volodymyr,Janicki,M,ul. Geologiczna 15,Warszawa,75803b9497f7f423941d801a6aa49ac06bf34353
Władysława,Kowalczyk,F,ul. Geologiczna 12,Warszawa,be478bd46f68fff93213433a218677782e680ef4
Nela,Górna,F,ul. Globusowa 7,Warszawa,de8b9c57e2cd8e559b66ebd66d1af6e1b4990657
Pola,Podgórska,F,ul. Kleszczowa 4,Warszawa,365e65f1c6aeb6aad852fec3a653af7d00ba7979
Arletta,Cybulska,F,ul. Klinkierowa 3,Warszawa,3c4fe072fdef9b0b8b39cc2cdf8c50b0dd2b84e9
Eliza,Mróz,F,ul. Janiszowska 28,Warszawa,b677a1a5370d21e408e40e0d15992c66dddaa648
Ivanna,Węgrzyn,F,al. Krakowska 103,Warszawa,1fe177addced651c9f3857b5b7b718833e87e8e7
Maciej,Piasecki,M,ul. Kleszczowa 19,Warszawa,02eed634657bb40d3c5d1bd55a857b4d13cfd1bc
Tadeusz,Kot,M,ul. Fraszki 11,Warszawa,690fffc806c2f20c1de0edde0bcd011cf3f6e070
Mikołaj,Jankowski,M,ul. Janiszowska 6,Warszawa,7e3d594b0035ee39337fa9ceaf0facfbfa4ce19c
Amanda,Kosińska,F,ul. Geologiczna 9,Warszawa,f0693566545a92bf716671404f0733c0362cf368
Emilia,Lewandowska,F,al. Krakowska 2,Warszawa,776b46f842f89923ec9333f55aaae7acd45f8611
Lara,Mazurkiewicz,F,al. Krakowska 226,Warszawa,5979380016b6d2dedb1e46648acd34eeff4d633a
Marina,Krawczyk,F,al. Krakowska 236,Warszawa,da82a9cb40ab8c68fdc7c5d1a3b254a3d60d9564
Antoni,Kołodziej,M,ul. Kleszczowa 6C,Warszawa,a165fe76b9a26629d8ecb5ecd01f1e42c2e42f54
Iga,Kasprzyk,F,ul. Jantar 28,Warszawa,cf4781bf12845620923bb0095f6c3b4a619404fc
Khrystyna,Bednarz,F,ul. Janiszowska 12,Warszawa,6ae5f679c50414cabc2b4fdf71bdb783a0349cf8
Wacław,Chojnacki,M,ul. Fraszki 15,Warszawa,b5f1eb1b73d72de7d9192ed97313810cefec4a37
Miłosz,Król,M,al. Jerozolimskie 195A,Warszawa,7af0f2e98e76242b082150ae3467cc7acdfeb062
Gaja,Mikołajczyk,F,ul. Janiszowska 23A,Warszawa,bfaf224d85bd9c6f165cfa13426f0b014c916678
Sofia,Bagińska,F,ul. Janiszowska 8,Warszawa,e43818229cbf31e385daea66d22933db5350bf21
Wiktoria,Murawska,F,al. Krakowska 17,Warszawa,ba5ee5f10616919d1c692ab73bfe095eef3cbf1c
Ryszarda,Michalska,F,al. Jerozolimskie 178A,Warszawa,bb8ac362acdb3445351d850f2f3ac978ae789045
Leokadia,Madej,F,ul. Klinkierowa 5,Warszawa,d1222300e9bf318d61496aa01165f9adbb3dd8c1
Matylda,Bogusz,F,ul. Janiszowska 4A,Warszawa,7c48ed7b8cadc4a1206c2e9e6d0cb8ac7a108e22
Liliana,Grabowska,F,ul. Janiszowska 23,Warszawa,5ec365d3646d532eb8332284f40187d021887f56
Jowita,Gołębiowska,F,al. Krakowska 175,Warszawa,02aef1cf23c21bc422b66311ebb3090673dc44d1
Natalie,Zawada,F,al. Jerozolimskie 214,Warszawa,3e01df1bc64e366b7c2081b6a08767e35dee6e66
Zyta,Kaczor,F,al. Jerozolimskie 184A,Warszawa,a7b20c76863c120ead36575e8f066b5e3eeb2798
Adela,Malinowska,F,ul. Józefa Ignacego Kraszewskiego 45,Warszawa,07fe0179916b2ff8020428a9b20ec7b8da41cd0e
Elżbieta,Sobczyk,F,ul. Globusowa 12,Warszawa,0d66c9020b412e08a3a6a4aba3b5ebcc126f3cb2
Vladyslav,Michalski,M,al. Krakowska 127,Warszawa,6ae801ed6eec1f29d6c2a1818099da8e87609651
Kacper,Kozak,M,ul. Kleszczowa 15,Warszawa,2c2a66ec87c92fd7f9dc6cb476164465059c75d8
Alicja,Grzyb,F,al. Krakowska 257,Warszawa,de44c79f02b209861c8a22ae9707787b959b2ce1
Apolonia,Górka,F,ul. Bolesława Gidzińskiego 25,Warszawa,e349679ad70afe66149d05742a07dd264e8eb536
Bogusława,Gąsior,F,ul. Józefa Ignacego Kraszewskiego 2,Warszawa,0dbec37407c8574442b4ef8a8ea6a92020dc2c47
Zdzisława,Słowik,F,ul. Jantar 3A,Warszawa,38fae5203f02cf74f690fd83be3991e2e5e58a81
Artem,Sokołowski,M,ul. Kleszczowa 16,Warszawa,1e7f940fa8abc9cc63f846ef46c3d33db0884bd0
Anastasiia,Jasińska,F,al. Krakowska 240/242,Warszawa,ce1a788e9487ffe073da82370e1f3e82f5c04194
Łukasz,Maciejewski,M,ul. Jamińska 6A,Warszawa,983ebb7eb890696ef0bede5478600fdf922a346a
Lila,Sowa,F,ul. Kleszczowa 5,Warszawa,d032532aa9aa073fcfc97c3f2f97c1870d1a350c
Sylwester,Domański,M,ul. Fraszki 20,Warszawa,503963cb02487b108642419763a888cb1653b8a3
Inna,Tomaszewska,F,al. Krakowska 289,Warszawa,3898b64a87c63580b656767caeb6e965c07e19c9
Olha,Urban,F,ul. Globusowa 42,Warszawa,33ba9fcf2d1eaf0279ce2bd9becd24096dc7fb9a
Jadwiga,Bukowska,F,ul. Galaktyki 31,Warszawa,cda981e941d602c93b21ae208ba29d7b04952864
Ireneusz,Cieślak,M,ul. Janiszowska 21,Warszawa,d18a9fb1f6925e725b69346a4f4b00ebfe57487a
Feliks,Krupa,M,ul. Janiszowska 24,Warszawa,683139cf933207b5bcea988ce36055c9175d992c
Stefania,Ziółkowska,F,ul. Jantar 3,Warszawa,9e47e6a70dde899fa98b6e0a1abfdb09c8b966b7
Michelle,Żurawska,F,ul. Kolneńska 8,Warszawa,36518e9da95507d8e37871f8d51b0ee2d9086c40
Feliksa,Głowacka,F,ul. Kleszczowa 17A,Warszawa,dba402352c2f26616fa6cc43ee6d662fdbaf970d
Angelina,Wawrzyniak,F,ul. Bolesława Gidzińskiego 34,Warszawa,9c440e35a1a90eacebbdbd6a92480d86c052e6b8
Anastasiya,Wilczyńska,F,ul. Jantar 5,Warszawa,77f6f1f274a42f439e8e091b09af8c1d42e3e1af
Oleksii,Ostrowski,M,al. Jerozolimskie 212A,Warszawa,58e768a6bdda5dd389c67b994f5e0e98b02b5e84
Norbert,Błaszczyk,M,ul. Galaktyki 21,Warszawa,f479f28514c6aabcd09c649d343baff0a4619a7c
Maja,Marczak,F,ul. Klinkierowa 4,Warszawa,81159393722287536aae73cfd6b4804ca38712cc
Izabella,Kostrzewa,F,ul. Kleszczowa 43,Warszawa,6b6e91e13a01bd7840fd4118b60664f984e60d10
Mariusz,Bielecki,M,ul. Kleszczowa 22,Warszawa,abe60d310eb2da555837300c65f9cd696b16dfc6
Andrzej,Borkowski,M,al. Jerozolimskie 198M,Warszawa,35138a41e9e3ded127fd8b272b37d6966124445f
Olena,Kozioł,F,ul. Bolesława Gidzińskiego 8A,Warszawa,212f7dfad612c1e71839873eae1f4a5e17fab21e
Vadym,Kopeć,M,ul. Fraszki 5,Warszawa,92e726203eb9df67de4ae5b1e9a73f633a44b36b
Marcelina,Wróblewska,F,ul. Kleszczowa 21A,Warszawa,7765da36043f2ca53cf00672b4145ff726034c57
Grażyna,Gil,F,ul. Geologiczna 18,Warszawa,ac835c8783c4a806c017d713a72d9f4f41f5f43a
Gertruda,Mazurek,F,ul. Kleszczowa 6D,Warszawa,317887b5137878501248c1ce5c099d1baecd35c7
Olivia,Kwiatkowska,F,al. Krakowska 157,Warszawa,cf4d92bcfe60e21744ce22f0d5276a0b536fdf2d
Nicola,Jurek,F,ul. Kleszczowa 41D,Warszawa,787764455a497744c202da89f7186b688172cd25
Mirosława,Majchrzak,F,ul. Kolneńska 6C,Warszawa,6c3fd35c5c891d3982b4563bb4dd7cd0d3411a64
Krystyna,Piekarska,F,ul. Jantar 7,Warszawa,849d8614433545fa6d19ae6fa404d9e84fa47023
Alexander,Ciesielski,M,ul. Fraszki 21A,Warszawa,f95a28c2e4eccced1b6ce9952b05157cbdbc1961
Antonia,Białek,F,ul. Bolesława Gidzińskiego 19,Warszawa,47f042edd8bcb73dd2608736a0f2fd9faa2d1bae
Lech,Kamiński,M,al. Krakowska 45,Warszawa,861f1a0735307ffe92cbd9646f024185f06ab9eb
Ludmiła,Cichoń,F,ul. Janiszowska 22,Warszawa,092eee3e6ff436d7dfa041677a5021492416eca9
Bronisława,Maciejewska,F,ul. Kleszczowa 17,Warszawa,a980f2eccafe761175cef3ece77c8114f8002c9f
Ruslana,Marcinkowska,F,ul. Jantar 17,Warszawa,33f982694c494a5c9cc271d58a2a67ae6c00a9b2
Jan,Tomczyk,M,ul. Janiszowska 10A,Warszawa,422ee345a2ed0c2d70b67c338b9ff1ea1f760df9
Krzysztofa,Szczepanik,F,ul. Klinkierowa 6,Warszawa,666372c4ea7b0dbae3ae94ae17935104059b1edf
Wiera,Rakowska,F,ul. Jakobinów 37,Warszawa,68e0aecc02456f22b87032e913ef4363cb9a0ae5
Eugeniusz,Piotrowski,M,ul. Janiszowska 29A,Warszawa,278cbe42c99f1d88b4fa2f57ef51a0115ce2a7c8
Beata,Lisowska,F,ul. Bolesława Gidzińskiego 46,Warszawa,15f6b717a145ece444d1eb9f38d07852bb7a7859
Miriam,Ptak,F,al. Krakowska 48/52,Warszawa,01effc8b11190074b50c90d7289ffc669d034fb1
Wioleta,Olejnik,F,ul. Fraszki 10,Warszawa,6b318c8cb4d109b17cebb840975874e201e5cf60
Daniel,Wójtowicz,M,al. Jerozolimskie 212,Warszawa,947a201c5e22c1048bc6032134724e4a69a53e3c
Jaśmina,Błaszczyk,F,ul. Klinkierowa 8,Warszawa,df8daab1ff03b104976da4703b7c83bfb0d76eb6
Ruslan,Sobczak,M,ul. Kleszczowa 8,Warszawa,c8b6f505cc557cbcef4dca395c333a7a7056f2b8
Weronika,Stasiak,F,ul. Kleszczowa 6C,Warszawa,3df407ae9b866de43fe60a37e761702fbccac17f
Tomasz,Borowski,M,ul. Galaktyki 11,Warszawa,c91a41a63ac7a124ce71b92019b25e8aad72fc64
Mariia,Zając,F,ul. Kleszczowa 41,Warszawa,c4e4e044141115b578b5393ef29db61bec9a250f
Viktor,Mróz,M,ul. Janiszowska 9A,Warszawa,436c69b12e2d1e3aeab0d20aa15fa1de8b978394
Nadzieja,Witek,F,al. Jerozolimskie 216,Warszawa,76407071bcac6a8f8ba4b1884d3ac7fb48b36b82
Inez,Skowrońska,F,al. Krakowska 93,Warszawa,c093e2170a5d2d8c4ed211061701db3ac5a77eaf
Galyna,Owczarek,F,ul. Jantar 8,Warszawa,9d1356ddc226af86b7b3aee6adb3a62c27eefe36
Bożena,Pawlak,F,ul. Fraszki 21,Warszawa,9a3af29eaf7cb7b2edbe05160f7c0c147d20eef0
Róża,Banach,F,ul. Kleszczowa 29,Warszawa,c71503702f3ef505fa13f97a7fad10a35181dbe6
Tymoteusz,Adamczyk,M,ul. Galaktyki 9,Warszawa,5dff55005adcfe53de401ba1f80875a3ba4d5a4b
Tola,Sobczak,F,ul. Geologiczna 4,Warszawa,b113df9b19175cbd07997dc579edc2a0a4add34e
Anastazja,Kurowska,F,ul. Kleszczowa 2,Warszawa,403c243bc6f838b8097e950a3da8e08f88ed741c
Julian,Szczepański,M,ul. Janiszowska 9B,Warszawa,f83224ab1c077a4e40754834a70039072ace0aea
Bogna,Karpińska,F,ul. Geologiczna 7,Warszawa,2b2f424b90c6c123095da578376ab154b4104b1b
Konrad,Gajewski,M,ul. Janiszowska 31,Warszawa,dbebf59b5f0e77efc249ead7e2fd98452e895d4b
Alexandra,Orłowska,F,ul. Bolesława Gidzińskiego 24A,Warszawa,9c2cbef51230e1169c4789c5a50d00536a4414e7
Gerard,Jastrzębski,M,al. Jerozolimskie 192G,Warszawa,a14384b10ee320b2d18ed15d63b052cab8167ea5
Sonia,Zalewska,F,ul. Geologiczna 7A,Warszawa,60c87c48aace5a1bfe2d71b539f4a961fa9fd9ce
Walentyna,Piątek,F,ul. Galaktyki 13,Warszawa,87324da055ad4d153310b4018941cc36fbd2e62d
Elena,Rogowska,F,ul. Janka Muzykanta 3,Warszawa,5a7f019e38e930b2296918977716415b762f1d99
Bohdan,Wysocki,M,ul. Geologiczna 10,Warszawa,188f03183fcec72b5ed382abb4d1cae397e6f578
Alena,Czaja,F,al. Krakowska 51,Warszawa,6d46a8305227378aa9801ef0ff638d0f7a985e1f
Fabian,Markowski,M,al. Krakowska 145,Warszawa,87184bbb37c7d1ef9d375c72bec488cade3d3f9e
Marzenna,Kaźmierczak,F,ul. Kleszczowa 37A,Warszawa,e245d9cedd3551598e7a8c35d59b999632ceb72f
Lilianna,Lech,F,ul. Jantar 28A,Warszawa,3dca32ee7ae45d125fe088664746b4d9405c8f1f
Bernadeta,Wolska,F,ul. Bolesława Gidzińskiego 5A,Warszawa,cb60f1ba7150a473cc5540e60dc1e27dac17a7d6
Renata,Panek,F,ul. Galaktyki 11,Warszawa,6e9ea58f9d5a28cf4f8a5792439cbdb1539c7a85
Aneta,Nowacka,F,ul. Geologiczna 13,Warszawa,9e05ac72c6e5584452d1cf34621c3cdf90dd20a6
Myroslava,Biernacka,F,ul. Fraszki 11,Warszawa,723456828cb6be88cd265a14cde5f27d909e535a
Gabriel,Jaworski,M,ul. Kleszczowa 17E,Warszawa,f16963868bdc13aaee7464cade8d0586076f346f
Kazimierz,Polak,M,ul. Galaktyki 15,Warszawa,c352ce9464387d4646db4aec20b9acb49800bbff
Katsiaryna,Urbaniak,F,al. Jerozolimskie 195A,Warszawa,b5e4db404e82523f6554955fb514f8a139a7fbe0
Grzegorz,Kołodziejczyk,M,al. Krakowska 51,Warszawa,f4f477ddbd64fad2758d26f61ae4e24eaad0657e
Eleonora,Kowalska,F,al. Jerozolimskie 212A,Warszawa,c41f081b63e5c6006edbc33c1fe252eb5204610b
Aniela,Kłos,F,ul. Janiszowska 9B,Warszawa,910def9e68f7ed332068d4bc5c33b351dbb57df2
Dagmara,Kozłowska,F,ul. Kolneńska 21,Warszawa,0e9991072ccfb161f3482c7ee891c9de9fcc5696
Jakub,Michalak,M,ul. Globusowa 27,Warszawa,0f103b51091784239d86ca01720010d122229334
Tetiana,Popławska,F,ul. Janiszowska 10,Warszawa,ab45d922dac38e8a16e59d00c3d1c5331b2f6d31
Nikodem,Andrzejewski,M,al. Krakowska 157A,Warszawa,29601b2027fc9603c279d31b25e5d18530038e74
Lilia,Kruk,F,ul. Kleszczowa 6,Warszawa,8a19bd15d2f5a36fa576a809b136d4d12625b2d2
Sofiia,Kasprzak,F,ul. Geologiczna 20,Warszawa,75162fecfd39cc7e8af4d345fe041f9cd171e76c
Marlena,Marzec,F,al. Jerozolimskie 178,Warszawa,6f85f047298b429d29eebf6e41a8976a7b31190e
Gizela,Michałowska,F,ul. Kleszczowa 2A,Warszawa,1d7bc4df13fb1ae1048d82dced14957a35e37a58
Olesia,Szymczyk,F,ul. Galaktyki 21,Warszawa,a724720ad333243494b25dc5bfb2f4255c270c17
Alina,Wieczorek,F,al. Jerozolimskie 217,Warszawa,138824cef619cc44f307e119cd0494d140f2de03
Kornel,Kurek,M,ul. Janiszowska 19A,Warszawa,b9c4a26c466554875cc51c35db6dc167ae2d205c
Błażej,Wójcik,M,al. Jerozolimskie 198S,Warszawa,6356f110ff0c65ee67198216a3534aec63ca908a
Edeltrauda,Winiarska,F,ul. Galaktyki 9,Warszawa,8742f1215caff191aa49fbca352cb2fb5cece4db
Iwona,Jarosz,F,al. Krakowska 4/6,Warszawa,d67caef47c73d36fd1dfc064e2ed06e076eb4881
Oleksandr,Grabowski,M,al. Jerozolimskie 184A,Warszawa,4d45d33f5101fa881adc4c241e8d3a64c0d3c67b
Diana,Nawrocka,F,al. Jerozolimskie 213,Warszawa,14d2f17fd9919b8d5526965b0186da61e61eca1e
David,Pawlik,M,ul. Janiszowska 13,Warszawa,f50ed6bc3ba4be8a006bd2c043e88e71f0f1ba39
Agnieszka,Skowron,F,ul. Galaktyki 1,Warszawa,b8bfb47f636f11e62b705a06ffe63bb2c35b8bd1
Józefa,Szymczak,F,al. Krakowska 271,Warszawa,5c9f56568d9ac054faf4beb6b2f699bd3efd8b81
Wiktor,Pietrzak,M,ul. Galaktyki 7,Warszawa,42042b0dc38fba4a5e67859046584ba7fb074216
Zenobia,Przybysz,F,al. Krakowska 40,Warszawa,bad840c300eaf9717bc8dd7c5960edcdac89f640
Mykhailo,Jakubowski,M,ul. Globusowa 40,Warszawa,9d25476f0e00e9d79369e747af4cb095b462961e
Damian,Kozioł,M,al. Jerozolimskie 184B,Warszawa,13824539fbfa9acb8957e6e4d1f5a3fe017b3eb8
Ruta,Mielczarek,F,ul. Kolneńska 4,Warszawa,0014877558041d931efcc67ed947939d243f98c4
Olimpia,Olejniczak,F,ul. Jantar 15,Warszawa,e13ca9bb5b615b912190d2af93118af6b5a9afe9
Karyna,Cieśla,F,ul. Janiszowska 21,Warszawa,5401529c334b13dc24fc29e4c09769f06cfadd29
Alfred,Woźniak,M,ul. Janiszowska 12,Warszawa,cfc06e0bbf3e6ec50c20de89c87a09ae05980133
Amelia,Świderska,F,ul. Janiszowska 11,Warszawa,4bcba547ce6551d0a4bd3473ae660744148f4f03
Władysław,Laskowski,M,al. Krakowska 62,Warszawa,45322637d3371c78e13f582e5c4118f6ece9f12e
Sławomir,Duda,M,al. Krakowska 149,Warszawa,422f9c4df9944b0aed293797a1e428ebb8786b00
Ola,Jankowska,F,ul. Geologiczna 8A,Warszawa,99aa12d74d86bda7d887efdb7f6a2ccb36f959da
Romuald,Sikorski,M,ul. Galaktyki 13,Warszawa,4400e32974a31d0a1b355fdcd4f51888359c3aec
Sara,Paluch,F,ul. Fraszki 2,Warszawa,79c36759eb2593d2296b7adfd4b27626b8c8ee47
Ksenia,Piotrowska,F,ul. Kleszczowa 31,Warszawa,902cc3bcf8ec0dc431baa825dda3a42493f1abc7
Bruno,Kania,M,ul. Jamińska 12,Warszawa,67f7737f889eb36081e61f92110cea153c9bb794
Nina,Szulc,F,ul. Janka Muzykanta 4,Warszawa,9d31572021bb3bc733e155aacb15c4e748136e2c
Bolesław,Baran,M,ul. Kleszczowa 3,Warszawa,139896a9fc02775c891aa4bf95a2d13d08b65a59
Veronika,Leśniak,F,al. Krakowska 91,Warszawa,54b8f14a51557cae45d4b8c65601b2b4498f1337
Emily,Sikora,F,al. Krakowska 16A,Warszawa,12b071ff67d0137dc951bef3588d154d745c97c6
Otylia,Barańska,F,ul. Bolesława Gidzińskiego 36,Warszawa,7758f4705eaa246a32a8483ae54090e160682003
Darya,Wesołowska,F,al. Krakowska 216,Warszawa,6a1eec34025334b6993ebb7b7d2e4c1be4d0d946
Maya,Sadowska,F,ul. Bolesława Gidzińskiego 8,Warszawa,efdbe4202c350efbe2283911698eaa9424c02e27
Franciszek,Szulc,M,ul. Janiszowska 17A,Warszawa,9e968d642a800f62a49409033d4b23c243ed7c12
Bogusław,Urbaniak,M,al. Krakowska 115A,Warszawa,5826d3f0966be5c6ed2b351925b0f06bbb74eb14
Włodzimierz,Jasiński,M,ul. Galaktyki 23,Warszawa,1c6bb33d2ac3bc21c0bdc82b2b11b7b006328af6
Lucjan,Nowacki,M,ul. Kleszczowa 14,Warszawa,845b9077f5fa9a78d4f183a8be8aa2215048bae6
Natallia,Dąbrowska,F,ul. Bolesława Gidzińskiego 43,Warszawa,288c9ddb307d683770659cf77c41bf1b7689ad10
Estera,Zych,F,al. Krakowska 155,Warszawa,3304e42e22efc9dab6d1333ae70d5984cbea6e77
Zenona,Chmielewska,F,ul. Janka Muzykanta 1A,Warszawa,a9286f3b4f3f542f48e184ed59c9523ad7c94d74
Regina,Chmiel,F,ul. Bolesława Gidzińskiego 29,Warszawa,9ea8a312067d2560c25b32e06d39f1e47ed7f1c0
Teodozja,Baran,F,al. Krakowska 39,Warszawa,a1d42eadf765588f91836fcaa508792faa42f2d6
Svitlana,Krzyżanowska,F,ul. Kleszczowa 9,Warszawa,99f731e47bd1635d19476a9d1a0722fce93a5aeb
Arleta,Adamska,F,ul. Klinkierowa 2,Warszawa,327364da627c9626c80f00c4ab8dc3618bc09b4d
Pavlo,Bednarek,M,ul. Janiszowska 14,Warszawa,647795e9f7832bac021bbaceab45493420e8ac6e
Wacława,Bednarska,F,ul. Janiszowska 4,Warszawa,477f8ea546e228eb61030089c2c63e7268e6092b
Rafał,Olszewski,M,ul. Geologiczna 1,Warszawa,3eb478c10191dffad7e041a24c3367081322dda8
Genowefa,Zaremba,F,al. Jerozolimskie 198P,Warszawa,9d683b2b5e7259b27ef36999ae3bae6e0311bfeb
Laura,Szydłowska,F,al. Jerozolimskie 198K,Warszawa,2108ad6cc89e8aed8e538521a645906667e65e28
Klaudia,Marciniak,F,ul. Janiszowska 13,Warszawa,0eeecc7b5fbad20866226aeb4f108a8ede4f8111
Gabriela,Śliwińska,F,al. Krakowska 173,Warszawa,a1ab94e3b340cbe80ada323a3c01d5bdd30ec4a2
Mila,Strzelecka,F,ul. Kleszczowa 17D,Warszawa,b179721704f923d9484f98ec84acf9159df632f0
Lucyna,Krzemińska,F,ul. Galaktyki 27,Warszawa,873f155e6850ba279e006aeb24571574874efc3e
Przemysław,Kruk,M,ul. Kleszczowa 17D,Warszawa,a600fe69dc91dc4f506953cd7d12aa1987cfde72
Yaroslav,Lewandowski,M,al. Krakowska 236,Warszawa,89fbb77b4f2a6b750cdbaf7c6f5a88f603a43da4
Violetta,Brzozowska,F,ul. Jantar 21,Warszawa,318d78c9d82b2a103ef73f29bf0df117e736f2e7
Longina,Kalinowska,F,ul. Fraszki 29,Warszawa,42f55a92f09ca259a84008e471d922b21777899d
Karol,Leszczyński,M,al. Krakowska 25,Warszawa,a3557fc74be692806f7c519df1b93987612e7d81
Ksawery,Kaźmierczak,M,ul. Jamińska 2A,Warszawa,06d8b4ca59fe160cc5b22a1332f4e099db6b9892
Maria,Czajkowska,F,ul. Kleszczowa 8A,Warszawa,259725306bedcc3f0bfaa5f37d07eaab38ce492e
Agata,Szewczyk,F,ul. Klinowa 5,Warszawa,009d98ceeef1c24c5c8375055a74d0c0d7919b65
Ludwika,Krajewska,F,ul. Kolneńska 10,Warszawa,0972dd7ad3c21fd92d2b940382407dec505bc61a
Karolina,Pietrzyk,F,al. Krakowska 16B,Warszawa,9d7cf35f50a387e5357b04ab57b1b837da421832
Iza,Siwek,F,ul. Józefa Ignacego Kraszewskiego 5,Warszawa,e9ec9d4dc3d2cbabef3827a4c497fbf48f09fd5d
Salomea,Wrona,F,ul. Geologiczna 3,Warszawa,71c36730e217dc14d95950d6fc6d66e2e6d10072
Lidia,Rak,F,ul. Janka Muzykanta 6,Warszawa,5ada8a37325f4c1b7b1955f4d855855499f1d3db
Ida,Duda,F,al. Krakowska 215,Warszawa,33bb07113f99dc3b9dbe0e9ddb95d4af4efa0570
Bogumił,Tomaszewski,M,al. Jerozolimskie 198R,Warszawa,da5b3973194cb95f7513581346fa69b99113a7be
Lesław,Pawłowski,M,ul. Kleszczowa 8A,Warszawa,5f577a3377819872344da8f4759b49fec3b074c7
Tobiasz,Wróblewski,M,ul. Janiszowska 10,Warszawa,576593ea96a8ce04faacfc7fa3034d22bffbd9f4
Honorata,Nowak,F,ul. Geologiczna 5A,Warszawa,1a54eed0e0b567212e266751a4a712fbf21f7fdf
Wiesław,Markiewicz,M,al. Krakowska 129,Warszawa,bd4ae4fa56fe7c7b0f049b591b34c94b0a759b20
Kamila,Dobrowolska,F,al. Krakowska 193,Warszawa,e43d7781ef2c28edf96d4ef0ca1d0ee145d83694
Arkadiusz,Stefański,M,ul. Globusowa 12,Warszawa,e9bed6326a4a03be83d7e49cd814e9f01018c432
Żaneta,Kubicka,F,ul. Kleszczowa 39,Warszawa,63d7a3eca187cf8082d209b79fca0784d442ec57
Bernadetta,Milewska,F,ul. Bolesława Gidzińskiego 17,Warszawa,fd2e042bf4aea4c4c8c5a1726c34aa4d9b9a9ca6
Jarosław,Milewski,M,ul. Kleszczowa 11,Warszawa,282826933dd02ca3d4968d2b2098a4337abd1ede
Natasza,Pluta,F,al. Krakowska 41A,Warszawa,43f0c5049a63d40b9159f6311787a336c509636e
Pamela,Matysiak,F,ul. Bolesława Gidzińskiego 4,Warszawa,dfcd4338d1363c0b98b74b39278cf782cd48d0e8
Seweryn,Sadowski,M,ul. Kleszczowa 5,Warszawa,9daa225055fb75d4aeb2c2052deb37bb193282cf
Alona,Jastrzębska,F,ul. Klinkierowa 1,Warszawa,cddc29bf2811ddfe7c388c28308fc9a1d48d433a
Henryk,Kowalik,M,ul. Kleszczowa 7,Warszawa,a593f7f64655ce8e28e12948a4b9707b4b1af56c
Celina,Bielecka,F,ul. Kleszczowa 17E,Warszawa,c5b813d909eff996898c5495eccedf6c6b42f160
Paulina,Laskowska,F,ul. Janiszowska 12A,Warszawa,202ff9f81b6d6915b9a50ae3d338f0befef9a060
Olaf,Nawrocki,M,ul. Kleszczowa 29,Warszawa,04e0202395af5ee5490498182f0ee2f356105bb7
Jessica,Grzelak,F,ul. Janiszowska 30,Warszawa,c33731c3b4f5cdf0de9e29be6d4f76bf59f016c4
Aleksander,Wasilewski,M,ul. Kleszczowa 13,Warszawa,1f6fb1058ace8ead6ffa006111a6dae001e378f6
Luiza,Kubiak,F,ul. Galaktyki 29,Warszawa,4257cb6c3563ab9d2cb52547ab6214a7b3121802
Halina,Wysocka,F,ul. Janiszowska 13A,Warszawa,09f8ff600c2f9e9b3aaa9728d9ce2d2c000f0305
Manuela,Krupa,F,ul. Jantar 16,Warszawa,5ae715d92b4a82d35bbfbb1c0750e4aa9807741e
Mykola,Wolski,M,ul. Globusowa 16,Warszawa,1124fb632fd55eaae163de5b9d53d0f0a6051341
Paweł,Sawicki,M,ul. Galaktyki 25,Warszawa,9992a3bfe035d74f04903ad8232745341fd0ca6d
Maryla,Nowakowska,F,ul. Kleszczowa 41A,Warszawa,11becaa51f287dcefb633e45dd72e58ab48fe2e9
Izabela,Leszczyńska,F,ul. Kolneńska 6,Warszawa,bf5eecb95692e53e7d3afca0c6f19993c831a065
Monika,Zięba,F,ul. Bolesława Gidzińskiego 28,Warszawa,813d4dd3314467058b024f1c753a45fb038a3555
Waldemar,Szewczyk,M,ul. Globusowa 5,Warszawa,1cab33eb1c93609a0c331ff1f13e2a9daf3a5210
Oksana,Woźniak,F,ul. Jamińska 2A,Warszawa,42655144ea214cf8e9e3eeb13d351588fbc53336
Vasyl,Lipiński,M,al. Krakowska 214,Warszawa,263949430d82a502d52a59992d7ad40ed6014db0
Tatiana,Majewska,F,ul. Jantar 4,Warszawa,cc5c9a590d24bbbcb580fc277620031f0a533277
Milena,Stachowiak,F,ul. Janiszowska 17A,Warszawa,d94a8ade2a629f435d579025efc8b165316cd041
Kristina,Małek,F,ul. Galaktyki 17,Warszawa,132a7b16a5a5fc488d80aed305579d1dd05f466f
Lidiia,Matusiak,F,al. Krakowska 45,Warszawa,cc4d89aeaa2ba59691198ffd0ee33c19241de02b
Roksana,Kowalewska,F,ul. Fraszki 16,Warszawa,b33f4b04bb5ca97fc2734616edecead024ca46a7
Romana,Chojnacka,F,al. Krakowska 2A,Warszawa,a80d98641b0c4c82e0e1438f4ba126ca8b4cc60e
Janina,Kozieł,F,al. Krakowska 121,Warszawa,b6d200afd597a986c95da79c614514f4641024c9
Aldona,Markowska,F,al. Krakowska 149,Warszawa,7af39db6c1aca134ebe6e6e40ffab75502a593bb
Roman,Orłowski,M,ul. Kleszczowa 6,Warszawa,d1742747b3411ac72c526e947aefde599c3e1847
Samanta,Czech,F,al. Krakowska 115,Warszawa,c869e5efb8ef9c4611ad4cd23eb623c1b169aec3
Liubov,Różańska,F,ul. Geologiczna 11,Warszawa,655b335dbc5070ca4efc7fbefbb146b52fa034df
Halyna,Lewicka,F,al. Jerozolimskie 192G,Warszawa,34c62f07f42f7dd8035c7cb7003812f9ad7a87ab
Viktoria,Pawlik,F,al. Jerozolimskie 198N,Warszawa,dbe3635127e224f556cb407c5558f846390553d5
Vitalii,Piątek,M,ul. Jamińska 14,Warszawa,7e391134e3cb96772424684c5627bd46ef91b57b
Oskar,Szymczak,M,ul. Globusowa 20,Warszawa,be6fb862ae81cf86a2e2634eaf48d7b4c0000052
Marcel,Wiśniewski,M,ul. Fraszki 16,Warszawa,895fc3a58d539d8dd7df5731eb507cc4ee595e16
Marek,Janik,M,ul. Kleszczowa 17,Warszawa,c47713534f86c42e4ba7adb6f6a4f976b49c6036
Filip,Zając,M,ul. Fraszki 12,Warszawa,f1fe519067cb0b08b51ff3685c627cdcac61e3be
Helga,Czyż,F,ul. Globusowa 5,Warszawa,58887f7e87b0e52d1384ec68f8ab6b160f160d00
Klara,Orzechowska,F,ul. Bolesława Gidzińskiego 42,Warszawa,d01a67e1bdf30ad3f9321a9a3593b67c287b6c6d
Bianka,Chrzanowska,F,ul. Globusowa 17,Warszawa,db5b7b10bee79ed8248499dc4d25b4288bebb1fa
Hanna,Kot,F,ul. Geologiczna 10,Warszawa,b42b87571a93696b746a83b6a3134483377f38a7
Zofia,Dziedzic,F,ul. Kleszczowa 1B,Warszawa,819cddc532d98b7092d9b2cfe4859a0d696bdf69
Piotr,Kozłowski,M,ul. Janiszowska 8,Warszawa,a296afc57315cfd6a0299f65381823786473b4d5
Irmina,Rosińska,F,al. Krakowska 110/114,Warszawa,c90531bc0ab891e90030ed23e1c3b76145de959d
Mieczysław,Dąbrowski,M,ul. Geologiczna 12A,Warszawa,cbe3638f3f986c2c5d6a656b1af560c700db4d5c
Yevheniia,Sowińska,F,ul. Bolesława Gidzińskiego 40,Warszawa,7f9de0011c872ac0cb4310c77b44c16f86adaa39
Judyta,Piasecka,F,ul. Janiszowska 9A,Warszawa,81109ee2c92edb7bdd42bdd61f018b31f76fe006
Inga,Skrzypczak,F,ul. Geologiczna 1,Warszawa,022a22056b2db892f25091c0a595348ebc0dab62
Sabina,Morawska,F,al. Jerozolimskie 198M,Warszawa,5476f6b8030c1397e6ce77989f976b4b9c02918a
Marika,Rudnicka,F,ul. Kleszczowa 14A,Warszawa,256247f742e0915d28c0a7e9c494653649eca744
Nikola,Stępień,F,ul. Kleszczowa 8,Warszawa,6df426bcd620b9d1b3d4cb654120d22728343710
Adelajda,Czajka,F,ul. Bolesława Gidzińskiego 24,Warszawa,b85b57000f508e77df0276512a7877754b299589
Dmytro,Czerwiński,M,ul. Kleszczowa 17C,Warszawa,d1c7c46be5774fd32851130919d76fe163bd3c14
Nataliia,Wilk,F,al. Krakowska 131,Warszawa,bfa12da04580b7c9cb016ce2221f5551c54ee27b
Krzysztof,Szczepaniak,M,al. Jerozolimskie 178,Warszawa,7da68a5b2d89ee5b0d476f47dd2f4f41b544dc1e
Jerzy,Wróbel,M,ul. Fraszki 19,Warszawa,f4c04d2a0fe6635c4ff909c226401bcf6c4e4ba6
Ilona,Bednarek,F,ul. Jamińska 12,Warszawa,7b960158f091c402364c275473929eb5da81a1fe
Adrianna,Tomczyk,F,ul. Jantar 22,Warszawa,166ed74ae2d6addc73e222e3ad0dae8d402ba05c
Viktoriia,Ratajczak,F,ul. Janiszowska 5,Warszawa,622c4af1c727c96c959859d690fb32f1b64ab45d
Magdalena,Klimczak,F,ul. Jantar 10,Warszawa,c5c841da9e0b262f698eff8aace231bb6975734c
Valentyna,Leśniewska,F,ul. Janiszowska 28A,Warszawa,c46a9997627d106f20c0cb5653d49784b5969c8d
Edward,Czarnecki,M,ul. Galaktyki 29,Warszawa,05ec866ebb1efbd4de901459aaa8d398e554923c
Bartłomiej,Bąk,M,al. Jerozolimskie 198K,Warszawa,c420729b09a31a10f33850c882baad095dd4d5c2
Urszula,Graczyk,F,ul. Kleszczowa 33,Warszawa,e428365b01c6c68f27e2407d2bfa6b12a36e2358
Felicja,Mikołajczak,F,ul. Janka Muzykanta 5,Warszawa,a984e958f23c11fbcb79977b4c26c1830476aa95
Cecylia,Stefaniak,F,al. Krakowska 22,Warszawa,3a483e1685cb128f5a35ef007e08da7534f7158d
Henryka,Król,F,ul. Kleszczowa 19,Warszawa,a651c1871aaf864f0305bc3ab2ea009ac57d33bf
Jolanta,Markiewicz,F,ul. Globusowa 44,Warszawa,0ce3c665709ccb3f2809ea728fd3415c7cc963f8
Dariusz,Przybylski,M,ul. Galaktyki 1,Warszawa,80ae66bd4dbb87f19eadfbf419c957eaefd74983
Remigiusz,Marciniak,M,al. Jerozolimskie 198L,Warszawa,53970f48a21b24fe07f1cbfadcb5cfa18d4909d4
Gracjan,Mazurek,M,ul. Janiszowska 3,Warszawa,17b65477c1a8724049dbe249c18428ee8ccda510
Klaudyna,Małecka,F,al. Krakowska 157A,Warszawa,70aa6ecd35a5470b011114c3ce87b8c87350e4fe
Mariana,Kędzierska,F,ul. Janiszowska 14,Warszawa,0845f4ce45e0a0d654ff8e5fe784a28e0fb201f3
Barbara,Zawadzka,F,ul. Bolesława Gidzińskiego 20,Warszawa,c41ab3ec230cd86831deec30dac29a9dcdd5ebb6
Vita,Młynarczyk,F,al. Krakowska 217,Warszawa,546aed9defaecba0c0cb4002810a89afb0c80131
Czesław,Wilk,M,ul. Globusowa 44,Warszawa,d388a9d946d6554b83021b9ba6f3bf2ab1bb7b5e
Roma,Szczygieł,F,ul. Kleszczowa 24,Warszawa,a37d8a45b4a9dcb570aec412a3deb8cd258710ca
Maksym,Konieczny,M,ul. Kleszczowa 1A,Warszawa,0ab04864d9b9822247597962dbec6f908bc9bb12
Borys,Wierzbicki,M,ul. Kleszczowa 41B,Warszawa,9434480d1aa24d0b045281619719a856ddd328e6
Jędrzej,Wesołowski,M,ul. Fraszki 7,Warszawa,4c66c1bf5988a09aa250826a4951ac63a25ac85d
Czesława,Górecka,F,ul. Jantar 23,Warszawa,92ea6a1220afc49d56a99b6740a99c69b3519dfd
Anna,Kaczmarek,F,ul. Fraszki 19,Warszawa,d6ec712a2d16738f64a678e559d668f113d9f6ab
Janusz,Wawrzyniak,M,al. Jerozolimskie 178A,Warszawa,68e69f61a7717260cd93113963e8fe1826a330e7
Bogdan,Dudek,M,ul. Kleszczowa 2,Warszawa,9ee1966d5f7c81dd2c9980e8ac72fe2b36e817d2
Adriana,Czerwińska,F,al. Krakowska 81,Warszawa,ffa5a3fdac0feb9ced36f08b4d470b10a0367747
Klementyna,Pawłowska,F,al. Krakowska 113A,Warszawa,32590b10fbbd3823759a37f7d9ace5a270ef7982
Anatolii,Kucharski,M,ul. Jakobinów 37,Warszawa,df8a1aecaf986c47c609ad17711330a66f51486e
Greta,Czarnecka,F,al. Jerozolimskie 198S,Warszawa,4968b78391655f57cb4f5199e3d71679559ff402
Natan,Baranowski,M,ul. Janiszowska 16,Warszawa,f30aa36e37b96ccb8a8222643ce61fd303328879
Bożenna,Kuczyńska,F,ul. Kleszczowa 29A,Warszawa,6bf2e2ff2617dba9fcccac8457c30dc0b0312e85
Stella,Mazur,F,ul. Bolesława Gidzińskiego 40A,Warszawa,e132d4b12c39d3722a6105587f267c48d65ec6db
Dorota,Ostrowska,F,ul. Kleszczowa 7,Warszawa,95d26e69b4d5d8df7dcf747ea87e620c8d3a12bb
Zhanna,Stefańska,F,ul. Janiszowska 18,Warszawa,03dcf7da0e734d907d0333aeada9c577f7d9599d
Aleksandra,Tokarska,F,ul. Jamińska 14,Warszawa,1ee34e6f8355ae6f8318cb7428cc597575429128
Daryna,Janus,F,al. Jerozolimskie 184B,Warszawa,9ce7eeb308f360384b9f42bbf809b965ae742400
Marcin,Kowalewski,M,ul. Globusowa 42,Warszawa,6b93898814f9efa4a66a5e4bb80adc29221d0ad4
Franciszka,Ciesielska,F,ul. Janiszowska 25,Warszawa,49724a521840d974cb6a5422757baa3b49455364
Lilla,Banaś,F,ul. Janiszowska 9,Warszawa,4d1e49cc00df0e6da571559c3e64dd5856d497ab
Ludwik,Madej,M,ul. Fraszki 10,Warszawa,7c555e6ada3cc5df0f1f51ad0a10402b048fdf70
Oleksandra,Smolińska,F,al. Krakowska 231,Warszawa,5c581d2050551db04a33c55a82d885e0fed0573e
Elwira,Janiszewska,F,ul. Janiszowska 3,Warszawa,cf4491d129f8c2ac7dc2771792d7e2751215b0c6
Natalia,Kołodziejczyk,F,ul. Kleszczowa 17B,Warszawa,2c50a931ebb695d205d9392c4a4de7702aa83912
Kuba,Ziółkowski,M,al. Jerozolimskie 214,Warszawa,deb8d680bb6de482b9513e06234d0655a6df5422
Marcela,Sosnowska,F,ul. Galaktyki 19,Warszawa,43fc88fd44234ada5bf317091a24beaf27b9913e
Ivan,Karpiński,M,ul. Janiszowska 28,Warszawa,2f5efe55712190cbc354d487d5ca42fdda215feb
Kinga,Janiak,F,ul. Globusowa 27,Warszawa,db10944939277140ea0f5662eef84c6804111217
Alfreda,Gajewska,F,ul. Jantar 11,Warszawa,5d68f850f24af66ded1a2932bf5eef1fd8676db3
Jagna,Borowska,F,ul. Janiszowska 29,Warszawa,7fa89ac3e861fa009540d46d6c946506f98c48af
Liudmyla,Skiba,F,ul. Janka Muzykanta 60,Warszawa,6c99b5f06de4a713ec222411082be887dadab1be
Kazimiera,Konopka,F,ul. Bolesława Gidzińskiego 26,Warszawa,8c99c5fcb112d1788183f6e60a3a6c3f038542ae
Wioletta,Góra,F,ul. Janiszowska 15,Warszawa,2e6f6e55368ea63a138b5d5d8a0f8c360c14e10b
Martyna,Jóźwiak,F,ul. Janiszowska 17,Warszawa,d1cb73ac0df56832533cbc71b4064f0db711ec00
Joanna,Gajda,F,ul. Jantar 26,Warszawa,496bea22fd02805829e97a13c4089c85c5edd9af
Joachim,Sikora,M,ul. Kleszczowa 37A,Warszawa,4bef9f8908c448a143b040c54fca8013e52e3147
Anetta,Kopeć,F,al. Krakowska 208,Warszawa,b0c80c830c24e48573f205a435f11fa2847317ff
Julia,Adamczyk,F,ul. Fraszki 12A,Warszawa,2100d0abda84a9c2a03a0eda229acf4da42d5a3b
Małgorzata,Szymańska,F,ul. Kleszczowa 31A,Warszawa,ab18e2dc1b66b4082d33352e52109b11637ab707
Julita,Kaleta,F,ul. Bolesława Gidzińskiego 27,Warszawa,a36d329d0da6808123ca70a29d70a7e1eff0d08f
Alan,Malinowski,M,ul. Geologiczna 3,Warszawa,d803620e1fbfa7ab3b8882317e1490cf7f3a58e1
Donata,Jaworska,F,ul. Fraszki 3,Warszawa,a178e0bc389311ea94b0a954d7b411ee8ccc6055
Igor,Gajda,M,ul. Geologiczna 11,Warszawa,15b0a3f6c2899879d221c5568dde558368931794
Hildegarda,Grochowska,F,ul. Bolesława Gidzińskiego 2,Warszawa,cd1c9027229d7b553843477b7137be91048e2fd8
Nataliya,Cichocka,F,ul. Jantar 32,Warszawa,96dee7f3d137ca59d9254433500c33accf8dbd61
Emma,Musiał,F,ul. Bolesława Gidzińskiego 39,Warszawa,f8f9e56ea857ec40614adf3bf34dc1f5e9d12c31
Iryna,Żak,F,ul. Józefa Ignacego Kraszewskiego 13,Warszawa,39bbd64f1757a3aca54201c16b5059056895ce37
Liwia,Sienkiewicz,F,al. Krakowska 255,Warszawa,b2e78871db917ea9b1bf2bad68330cf7706d4229
Anzhela,Kuś,F,al. Krakowska 16,Warszawa,70dea1c54b63bc8939fe200f70983a68818281c9
Bolesława,Szczepaniak,F,ul. Janiszowska 31,Warszawa,ecdc8cce17c3362d90f21766879973833cd00b87
Zoja,Kwiecień,F,ul. Jantar 20,Warszawa,ed97b0654b866181c9de06d030604219922ce356
Uliana,Klimek,F,ul. Globusowa 20,Warszawa,8d2dfef34836e6526a4aea447916c98e81aa0a8d
Vanessa,Baranowska,F,ul. Klinowa 3,Warszawa,d219f8ec2989fe94d663f5a1c1f33e69c3d5da5b
Aurelia,Wasilewska,F,ul. Fraszki 5,Warszawa,1ab948b71186a3a522a706593936301d58523dd5
Eryka,Szczęsna,F,ul. Galaktyki 7,Warszawa,97afa0a42223163dc37ef6c92ccbcbc7cc12e9f2
Dominika,Brzezińska,F,ul. Kleszczowa 5A,Warszawa,6fe16b77be6caa9c9b9be759e31a8087adb295ff
Sandra,Kurek,F,ul. Jantar 6,Warszawa,6b8e04d1296c1066f53ba5149f45a4f05417bee3
Lucja,Łukasik,F,ul. Globusowa 16,Warszawa,750718c201d3bcd55d60d87a8ee0363077f7b3e5
Danuta,Górska,F,ul. Janiszowska 24,Warszawa,028b56a98446c7f4384598c5bb9dca45924e0159
Alex,Zalewski,M,ul. Kleszczowa 31,Warszawa,83350ddd8fe3073cadd5763e9193684862549c62
Larysa,Komorowska,F,ul. Fraszki 12,Warszawa,0e7563aaee743f1e072f6f451cd9cb05da4d8b02
Stanisław,Kaczmarczyk,M,al. Krakowska 40,Warszawa,5048ebe166a9050ceaf9697ba08f4d566a2d1bcc
Kamil,Brzeziński,M,ul. Kleszczowa 43,Warszawa,5872a635f5e8c84600c0b94944ce26b6681ad0a8
Maryna,Zielińska,F,al. Krakowska 62,Warszawa,71a544bcf452d13c7284aa548c798987ed8922dd
Sophie,Maj,F,ul. Jamińska 6A,Warszawa,8c6403b9e08ce5ce50b7cfbbe631cd0182940300
Angelika,Pietrzak,F,ul. Jantar 19,Warszawa,83c9c17171b6abe1a5d703dd1aac98183cfd497f
Sarah,Lipińska,F,al. Krakowska 115A,Warszawa,d09789ed8eaaa4759060cc95dc60e010ed545b3e
Dawid,Kaczmarek,M,ul. Globusowa 7,Warszawa,f098eea23119dc20ec37fa95350149932c7dc66e
Waleria,Kania,F,al. Krakowska 107,Warszawa,03055e986228e0f5a3ed90309d25b94bb915040e
Stefan,Adamski,M,ul. Jakobinów 28,Warszawa,5956a68c70a8b0ded0b11c6b153c594688768103
Jagoda,Kulik,F,ul. Kleszczowa 15,Warszawa,074d9e569c2baec1598ae52b59ac00e5291e0c68
Antonina,Tomczak,F,ul. Józefa Ignacego Kraszewskiego 19,Warszawa,5d441a0459c960da6071eefb93d7a40bc99048fc
Mirela,Janik,F,ul. Kleszczowa 3A,Warszawa,586079a068d45a00ad43447989c3ddf23f0e5c25
Eugenia,Kulesza,F,al. Krakowska 177,Warszawa,d8b70fc9c46bd83ec7718170a3c65b5bfe648d72
Oliwia,Żukowska,F,ul. Józefa Ignacego Kraszewskiego 39,Warszawa,2a7402e0cd32978dd08114acefd7a22f9545744e
Yana,Wierzbicka,F,ul. Kleszczowa 17C,Warszawa,d0db413b7e1235d4a6541a8be29fd0cd0ff02ba8
Blanka,Godlewska,F,ul. Jakobinów 28,Warszawa,0883eae45f6d16209f7177d9b61c925c3560d6b5
Raisa,Kaczyńska,F,ul. Fraszki 7,Warszawa,76ea98e1c22e027ad7e37d18f62661c3b3452332
Marzena,Domagała,F,ul. Klinkierowa 10,Warszawa,6d15f5d3ebf11e69f17c48f96aec3e64fdb0cf72
Adam,Pawlak,M,ul. Geologiczna 16,Warszawa,2ba41b4d6da226a60fdad1c00d8f260471e842a6
Kajetan,Majewski,M,ul. Fraszki 14,Warszawa,f48eae5c315aff5e1ffe867b46e63da95db6de37
Nicole,Kowal,F,ul. Fraszki 9,Warszawa,1658ec2d413a10cdc028c6d59e6f261153ba7890
Pelagia,Osińska,F,ul. Globusowa 19,Warszawa,f70ce85d9fc01ba249536fbef7c15bb408af5e3b
Bartosz,Mucha,M,ul. Janiszowska 9,Warszawa,2d9e8e8cd1a91863bff0bb60ce826cabd78979f6
Szczepan,Zakrzewski,M,al. Jerozolimskie 198N,Warszawa,479a303c8ba11e48b07ac6fcc04d2018c18fe8b4
Justyna,Sokołowska,F,ul. Kleszczowa 16,Warszawa,77634c282a55cc015e9c0a72eb3f6bec45de6a35
Hubert,Tomczak,M,ul. Janiszowska 11,Warszawa,733c77713c7d97ff2a5323694f745195c816d653
Bernarda,Zarzycka,F,ul. Janiszowska 19,Warszawa,ffe3894284e935a6a6dbae7bb56ced8439257ffb
Lena,Śliwa,F,ul. Galaktyki 5,Warszawa,bfd3436d8dc908e33a3075c686826877608c5b03
Wanda,Bednarczyk,F,ul. Józefa Ignacego Kraszewskiego 54,Warszawa,8670e2a4f001e1674cf9c4f7200e5d5eda1ef626
Malwina,Filipiak,F,ul. Bolesława Gidzińskiego 9,Warszawa,13d1b80381a3e14ff7a2397862a45823d9b4db74
Brygida,Urbańska,F,al. Krakowska 131A,Warszawa,64849e68fff647c57e30f9fb802c41ad6fe7d8e4
Leonarda,Maćkowiak,F,ul. Kolneńska 12,Warszawa,f906465cb52a1a021fc26656a83d488bef3611fe
Yurii,Nowicki,M,ul. Galaktyki 19,Warszawa,71f5b58269de24305ef3651654a502a668775712
Kornelia,Przybyła,F,ul. Bolesława Gidzińskiego 33,Warszawa,8b5e28e9e854a43ba4a8e465be490323207a13e2
Bronisław,Górecki,M,al. Jerozolimskie 198P,Warszawa,f8beee6bca213b1e7b30cbfe69cc1e03ccc5ea3a
Alla,Bartkowiak,F,ul. Jantar 13,Warszawa,8293e053148bbdbc5dc389ffb735b4cc9c299fa8
Anhelina,Wójcik,F,al. Krakowska 212,Warszawa,10b9a637907edf299e9d717bbb4774dd7c372cb2
Witold,Mazur,M,ul. Geologiczna 20,Warszawa,bee4ff7f0a6a1c82d2c94eba38053fd0628687d3
Irena,Kucharczyk,F,ul. Kleszczowa 14,Warszawa,62abd5fd5ca41812ed27b54cf01ecc92031ba086
Artur,Kalinowski,M,ul. Geologiczna 18,Warszawa,775ae7f2c7c2c142ee9bc49922c4ab335a6b39e9
Lea,Bieniek,F,ul. Józefa Ignacego Kraszewskiego 25,Warszawa,34ff837734cbdd9d871e0c4ea87b5c4c49ea774d
Michał,Krawczyk,M,al. Krakowska 231,Warszawa,8a3a71345719e320d96e2902bac10d2c718d4958
Patrycja,Michalik,F,ul. Janiszowska 27A,Warszawa,5adef67d53e4ce1967363ab3bab477e9a9b49e10
Ewelina,Żurek,F,al. Krakowska 145,Warszawa,f78eb292a5e77b563944414c13f4d2bf3aa2e5ee
Jacek,Dziedzic,M,ul. Fraszki 3,Warszawa,07488f34834b305178a6e45413b3e9a160598fdb
Ihor,Stasiak,M,al. Jerozolimskie 216,Warszawa,06f38616d0aaa2dfc9d33cf958ef02c479ef834d
Yelyzaveta,Kucharska,F,al. Krakowska 123,Warszawa,f48d6d2801d64e35230d5fb6864b7588fc7879c5
Sławomira,Muszyńska,F,al. Krakowska 43,Warszawa,7dcdbac43d17ec89ce0af205548c87e1c8dbb894
Daria,Buczek,F,ul. Janka Muzykanta 1B,Warszawa,89ea4d8f16c3647a9e8c5aee6e246216a35ec9bc
Zuzanna,Mucha,F,al. Krakowska 206,Warszawa,3e08a77ecb709c21d14b6ef8a0710ea9b0494eda
Maksymilian,Krajewski,M,al. Jerozolimskie 213,Warszawa,851b18f395adb9118a81fdfb50ab072298eabc8a
Kseniia,Sroka,F,ul. Kleszczowa 11,Warszawa,864d8f980d99693288e7fa3b8045a158b82dd3dc
Ignacy,Kowalski,M,al. Krakowska 187,Warszawa,08a93d45cbdc18f7e063d9f879593a5520e57606
Mirella,Wiśniewska,F,al. Jerozolimskie 198L,Warszawa,11911247974339596cb5b8e1a10d39e95e6e1521
Sebastian,Górski,M,ul. Fraszki 12A,Warszawa,b9956e56a339978553bb914b63ef34d5513dd7ef
Mariya,Serafin,F,ul. Kleszczowa 22,Warszawa,401512bc5e8c4c1e4adaa26d0ca6d07c914bac55
Mariola,Kowalik,F,ul. Józefa Ignacego Kraszewskiego 51,Warszawa,d994d22c1301dbfbfd3dcb8a5974381fa64adaa9
Vira,Witkowska,F,ul. Bolesława Gidzińskiego 15,Warszawa,ab20fe4f4971eee8a293474b9d5768d061c8d73e
Olga,Grzybowska,F,al. Jerozolimskie 198R,Warszawa,0775177126d1bc1ae1a8603f1250f796b6aeb04d
Mia,Bąk,F,ul. Kleszczowa 13,Warszawa,938f8c9c253a760abdef18dc7261cda87cf506ba
Ines,Karczewska,F,al. Krakowska 187,Warszawa,cb2a0d6ad8f07304e3463d0bfd354f09db356e7b
Oliwier,Łuczak,M,ul. Globusowa 17,Warszawa,eac0603dc12f53a72696e8252a0c2ceea0f969b0
Tatsiana,Wróbel,F,ul. Geologiczna 12A,Warszawa,fa5f7dbdc5871adfb294c817ad10d469321978f9
Elfryda,Drozd,F,ul. Kleszczowa 41B,Warszawa,8819f769750e0d3bdce3eabc202fe68f9f3cc5ca
Mateusz,Makowski,M,ul. Fraszki 9,Warszawa,978b30ac0bc1106e3773cd2e471bfe967b012f58
Bogumiła,Wojciechowska,F,ul. Janiszowska 35,Warszawa,1e146cd2bfb2d89e8c05b721a22d4ba9590edc52
Anita,Polak,F,ul. Janka Muzykanta 1,Warszawa,5400a97b921066364cbf41aa38e346cdb58b3a52
Alisa,Matuszewska,F,ul. Janka Muzykanta 19,Warszawa,bb0426f7143cd91cc411aee694f613246e30162c
Krystian,Mikołajczyk,M,ul. Galaktyki 27,Warszawa,05555c532be5b258dfbd6f7de04e16fbf55458f7
Robert,Musiał,M,al. Krakowska 257,Warszawa,166d0282af743e341e19cbeab24f1292191bb1ee
Tamara,Kaczmarczyk,F,ul. Janiszowska 16,Warszawa,4910e7d0fb8f1507312591aa78abad2cde9fc362
Ewa,Przybylska,F,ul. Janiszowska 10A,Warszawa,124ffaa580c3e92d985f1a6c7b7ef56899ccaeb9
Faustyna,Nowicka,F,ul. Kleszczowa 41E,Warszawa,857c5e23762c1e97ecda3b4386dd2d584acf1a6b
Szymon,Żak,M,ul. Janiszowska 29,Warszawa,4bc3fea4111a44c716955e7d34e9555248644f25
Patryk,Sosnowski,M,ul. Janiszowska 17,Warszawa,f5c1aca554383fad206d945eab2df423e8b9dadb
Ana,Piątkowska,F,al. Krakowska 269,Warszawa,d2912225d1303e3af731be6e57562b9221c37391
Lesia,Sawicka,F,ul. Bolesława Gidzińskiego 6,Warszawa,706a2127d37ba8965aacfb927e05078960f70009
Cezary,Klimek,M,al. Krakowska 115,Warszawa,732be094cc0c6c59712d4df3e9ee68dfae2fcaa3
Emil,Brzozowski,M,ul. Fraszki 2,Warszawa,d27df2cb74b6631c70fcbc250434c8c249b8bd43
Olivier,Głowacki,M,ul. Galaktyki 3,Warszawa,acf4e14fed4b2e8c5070a7614b58c31db7355eed
